x,y,z,type,volume,cycle entry,custom:GFP,custom:sample
-610.83535,-157.05098,0,rgc,,,,
-595.37117,-155.00159,0,rgc,,,,
-579.90698,-152.71558,0,rgc,,,,
-564.4428,-150.20672,0,rgc,,,,
-548.97861,-147.48811,0,rgc,,,,
-533.51442,-144.57219,0,rgc,,,,
-518.05024,-141.47077,0,rgc,,,,
-502.58605,-138.19507,0,rgc,,,,
-487.12186,-134.75573,0,rgc,,,,
-471.65768,-131.16281,0,rgc,,,,
-456.19349,-127.4259,0,rgc,,,,
-440.72931,-123.55406,0,rgc,,,,
-425.26512,-119.55588,0,rgc,,,,
-409.80093,-115.43952,0,rgc,,,,
-394.33675,-111.21271,0,rgc,,,,
-378.87256,-106.8828,0,rgc,,,,
-363.40838,-102.45678,0,rgc,,,,
-347.94419,-97.941288,0,rgc,,,,
-332.48,-93.342654,0,rgc,,,,
-317.01582,-88.666927,0,rgc,,,,
-301.55163,-83.919898,0,rgc,,,,
-286.08744,-79.107123,0,rgc,,,,
-270.62326,-74.233953,0,rgc,,,,
-255.15907,-69.305563,0,rgc,,,,
-239.69489,-64.32697,0,rgc,,,,
-224.2307,-59.303069,0,rgc,,,,
-208.76651,-54.238653,0,rgc,,,,
-193.30233,-49.138442,0,rgc,,,,
-177.83814,-44.007108,0,rgc,,,,
-162.37396,-38.849304,0,rgc,,,,
-146.90977,-33.669689,0,rgc,,,,
-131.44558,-28.472951,0,rgc,,,,
-115.9814,-23.263841,0,rgc,,,,
-100.51721,-18.047191,0,rgc,,,,
-85.053024,-12.827949,0,rgc,,,,
-69.588838,-7.611196,0,rgc,,,,
-54.124652,-2.402181,0,rgc,,,,
-38.660465,2.793657,0,rgc,,,,
-23.196279,7.970664,0,rgc,,,,
-7.732093,13.122938,0,rgc,,,,
7.732093,18.244311,0,rgc,,,,
23.196279,23.328316,0,rgc,,,,
38.660465,28.368165,0,rgc,,,,
54.124652,33.35672,0,rgc,,,,
69.588838,38.286465,0,rgc,,,,
85.053024,43.149485,0,rgc,,,,
100.51721,47.937434,0,rgc,,,,
115.981396,52.641513,0,rgc,,,,
131.445582,57.25244,0,rgc,,,,
146.909769,61.760424,0,rgc,,,,
162.373955,66.155143,0,rgc,,,,
177.838141,70.425712,0,rgc,,,,
193.302327,74.560658,0,rgc,,,,
208.766513,78.547896,0,rgc,,,,
224.230699,82.374701,0,rgc,,,,
239.694886,86.027679,0,rgc,,,,
255.159072,89.492746,0,rgc,,,,
270.623258,92.755098,0,rgc,,,,
286.087444,95.799184,0,rgc,,,,
301.55163,98.608681,0,rgc,,,,
317.015816,101.166469,0,rgc,,,,
332.480003,103.454601,0,rgc,,,,
347.944189,105.45428,0,rgc,,,,
363.408375,107.145829,0,rgc,,,,
378.872561,108.508669,0,rgc,,,,
394.336747,109.521289,0,rgc,,,,
409.800933,110.16122,0,rgc,,,,
425.26512,110.405012,0,rgc,,,,
440.729306,110.228202,0,rgc,,,,
456.193492,109.605293,0,rgc,,,,
471.657678,108.509721,0,rgc,,,,
487.121864,106.913839,0,rgc,,,,
502.58605,104.788877,0,rgc,,,,
518.050237,102.10493,0,rgc,,,,
533.514423,98.830918,0,rgc,,,,
548.978609,94.93457,0,rgc,,,,
564.442795,90.382391,0,rgc,,,,
579.906981,85.139641,0,rgc,,,,
595.371167,79.170302,0,rgc,,,,
610.835354,72.437059,0,rgc,,,,
-610.83535,-173.05098,0,apical,,,,
-595.37117,-171.00159,0,apical,,,,
-579.90698,-168.71558,0,apical,,,,
-564.4428,-166.20672,0,apical,,,,
-548.97861,-163.48811,0,apical,,,,
-533.51442,-160.57219,0,apical,,,,
-518.05024,-157.47077,0,apical,,,,
-502.58605,-154.19507,0,apical,,,,
-487.12186,-150.75573,0,apical,,,,
-471.65768,-147.16281,0,apical,,,,
-456.19349,-143.4259,0,apical,,,,
-440.72931,-139.55406,0,apical,,,,
-425.26512,-135.55588,0,apical,,,,
-409.80093,-131.43952,0,apical,,,,
-394.33675,-127.21271,0,apical,,,,
-378.87256,-122.8828,0,apical,,,,
-363.40838,-118.45678,0,apical,,,,
-347.94419,-113.94129,0,apical,,,,
-332.48,-109.34265,0,apical,,,,
-317.01582,-104.66693,0,apical,,,,
-301.55163,-99.919898,0,apical,,,,
-286.08744,-95.107123,0,apical,,,,
-270.62326,-90.233953,0,apical,,,,
-255.15907,-85.305563,0,apical,,,,
-239.69489,-80.32697,0,apical,,,,
-224.2307,-75.303069,0,apical,,,,
-208.76651,-70.238653,0,apical,,,,
-193.30233,-65.138442,0,apical,,,,
-177.83814,-60.007108,0,apical,,,,
-162.37396,-54.849304,0,apical,,,,
-146.90977,-49.669689,0,apical,,,,
-131.44558,-44.472951,0,apical,,,,
-115.9814,-39.263841,0,apical,,,,
-100.51721,-34.047191,0,apical,,,,
-85.053024,-28.827949,0,apical,,,,
-69.588838,-23.611196,0,apical,,,,
-54.124652,-18.402181,0,apical,,,,
-38.660465,-13.206343,0,apical,,,,
-23.196279,-8.029336,0,apical,,,,
-7.732093,-2.877062,0,apical,,,,
7.732093,2.244311,0,apical,,,,
23.196279,7.328316,0,apical,,,,
38.660465,12.368165,0,apical,,,,
54.124652,17.35672,0,apical,,,,
69.588838,22.286465,0,apical,,,,
85.053024,27.149485,0,apical,,,,
100.51721,31.937434,0,apical,,,,
115.981396,36.641513,0,apical,,,,
131.445582,41.25244,0,apical,,,,
146.909769,45.760424,0,apical,,,,
162.373955,50.155143,0,apical,,,,
177.838141,54.425712,0,apical,,,,
193.302327,58.560658,0,apical,,,,
208.766513,62.547896,0,apical,,,,
224.230699,66.374701,0,apical,,,,
239.694886,70.027679,0,apical,,,,
255.159072,73.492746,0,apical,,,,
270.623258,76.755098,0,apical,,,,
286.087444,79.799184,0,apical,,,,
301.55163,82.608681,0,apical,,,,
317.015816,85.166469,0,apical,,,,
332.480003,87.454601,0,apical,,,,
347.944189,89.45428,0,apical,,,,
363.408375,91.145829,0,apical,,,,
378.872561,92.508669,0,apical,,,,
394.336747,93.521289,0,apical,,,,
409.800933,94.16122,0,apical,,,,
425.26512,94.405012,0,apical,,,,
440.729306,94.228202,0,apical,,,,
456.193492,93.605293,0,apical,,,,
471.657678,92.509721,0,apical,,,,
487.121864,90.913839,0,apical,,,,
502.58605,88.788877,0,apical,,,,
518.050237,86.10493,0,apical,,,,
533.514423,82.830918,0,apical,,,,
548.978609,78.93457,0,apical,,,,
564.442795,74.382391,0,apical,,,,
579.906981,69.139641,0,apical,,,,
595.371167,63.170302,0,apical,,,,
610.835354,56.437059,0,apical,,,,
-610.83535,-188.05098,0,apical,,,,
-595.37117,-186.00159,0,apical,,,,
-579.90698,-183.71558,0,apical,,,,
-564.4428,-181.20672,0,apical,,,,
-548.97861,-178.48811,0,apical,,,,
-533.51442,-175.57219,0,apical,,,,
-518.05024,-172.47077,0,apical,,,,
-502.58605,-169.19507,0,apical,,,,
-487.12186,-165.75573,0,apical,,,,
-471.65768,-162.16281,0,apical,,,,
-456.19349,-158.4259,0,apical,,,,
-440.72931,-154.55406,0,apical,,,,
-425.26512,-150.55588,0,apical,,,,
-409.80093,-146.43952,0,apical,,,,
-394.33675,-142.21271,0,apical,,,,
-378.87256,-137.8828,0,apical,,,,
-363.40838,-133.45678,0,apical,,,,
-347.94419,-128.94129,0,apical,,,,
-332.48,-124.34265,0,apical,,,,
-317.01582,-119.66693,0,apical,,,,
-301.55163,-114.919898,0,apical,,,,
-286.08744,-110.107123,0,apical,,,,
-270.62326,-105.233953,0,apical,,,,
-255.15907,-100.305563,0,apical,,,,
-239.69489,-95.32697,0,apical,,,,
-224.2307,-90.303069,0,apical,,,,
-208.76651,-85.238653,0,apical,,,,
-193.30233,-80.138442,0,apical,,,,
-177.83814,-75.007108,0,apical,,,,
-162.37396,-69.849304,0,apical,,,,
-146.90977,-64.669689,0,apical,,,,
-131.44558,-59.472951,0,apical,,,,
-115.9814,-54.263841,0,apical,,,,
-100.51721,-49.047191,0,apical,,,,
-85.053024,-43.827949,0,apical,,,,
-69.588838,-38.611196,0,apical,,,,
-54.124652,-33.402181,0,apical,,,,
-38.660465,-28.206343,0,apical,,,,
-23.196279,-23.029336,0,apical,,,,
-7.732093,-17.877062,0,apical,,,,
7.732093,-12.755689,0,apical,,,,
23.196279,-7.671684,0,apical,,,,
38.660465,-2.631835,0,apical,,,,
54.124652,2.35672,0,apical,,,,
69.588838,7.286465,0,apical,,,,
85.053024,12.149485,0,apical,,,,
100.51721,16.937434,0,apical,,,,
115.981396,21.641513,0,apical,,,,
131.445582,26.25244,0,apical,,,,
146.909769,30.760424,0,apical,,,,
162.373955,35.155143,0,apical,,,,
177.838141,39.425712,0,apical,,,,
193.302327,43.560658,0,apical,,,,
208.766513,47.547896,0,apical,,,,
224.230699,51.374701,0,apical,,,,
239.694886,55.027679,0,apical,,,,
255.159072,58.492746,0,apical,,,,
270.623258,61.755098,0,apical,,,,
286.087444,64.799184,0,apical,,,,
301.55163,67.608681,0,apical,,,,
317.015816,70.166469,0,apical,,,,
332.480003,72.454601,0,apical,,,,
347.944189,74.45428,0,apical,,,,
363.408375,76.145829,0,apical,,,,
378.872561,77.508669,0,apical,,,,
394.336747,78.521289,0,apical,,,,
409.800933,79.16122,0,apical,,,,
425.26512,79.405012,0,apical,,,,
440.729306,79.228202,0,apical,,,,
456.193492,78.605293,0,apical,,,,
471.657678,77.509721,0,apical,,,,
487.121864,75.913839,0,apical,,,,
502.58605,73.788877,0,apical,,,,
518.050237,71.10493,0,apical,,,,
533.514423,67.830918,0,apical,,,,
548.978609,63.93457,0,apical,,,,
564.442795,59.382391,0,apical,,,,
579.906981,54.139641,0,apical,,,,
595.371167,48.170302,0,apical,,,,
610.835354,41.437059,0,apical,,,,
622.4226395,50,0,wall,,,,
622.4226395,64.57124209842732,0,wall,,,,
622.4226395,79.14248419685464,0,wall,,,,
622.4226395,93.71372629528196,0,wall,,,,
622.4226395,108.28496839370928,0,wall,,,,
622.4226395,122.8562104921366,0,wall,,,,
622.4226395,137.42745259056392,0,wall,,,,
622.4226395,151.99869468899124,0,wall,,,,
622.4226395,166.56993678741856,0,wall,,,,
622.4226395,181.14117888584587,0,wall,,,,
622.4226395,195.7124209842732,0,wall,,,,
622.4226395,210.2836630827005,0,wall,,,,
622.4226395,224.85490518112783,0,wall,,,,
622.4226395,239.42614727955515,0,wall,,,,
622.4226395,253.99738937798247,0,wall,,,,
622.4226395,268.5686314764098,0,wall,,,,
622.4226395,283.1398735748371,0,wall,,,,
622.4226395,297.71111567326443,0,wall,,,,
622.4226395,312.28235777169175,0,wall,,,,
622.4226395,326.85359987011907,0,wall,,,,
622.4226395,341.4248419685464,0,wall,,,,
622.4226395,355.9960840669737,0,wall,,,,
622.4226395,370.5673262,0,wall,,,,
622.4226395,385.13856826382835,0,wall,,,,
622.4226395,399.70981036225567,0,wall,,,,
622.4226395,414.2810525,0,wall,,,,
622.4226395,428.8522945591103,0,wall,,,,
622.4226395,443.4235366575376,0,wall,,,,
622.4226395,457.99477875596494,0,wall,,,,
622.4226395,472.56602085439226,0,wall,,,,
622.4226395,487.1372629528196,0,wall,,,,
622.4226395,501.7085050512469,0,wall,,,,
622.4226395,516.2797471496742,0,wall,,,,
622.4226395,530.8509892481015,0,wall,,,,
622.4226395,545.4222313465289,0,wall,,,,
622.4226395,559.9934734449562,0,wall,,,,
622.4226395,574.5647155433835,0,wall,,,,
622.4226395,589.1359576418108,0,wall,,,,
622.4226395,603.7071997402381,0,wall,,,,
622.4226395,618.2784418386655,0,wall,,,,
622.4226395,632.8496839370928,0,wall,,,,
622.4226395,647.4209260355201,0,wall,,,,
622.4226395,661.9921681339474,0,wall,,,,
622.4226395,676.5634102323747,0,wall,,,,
622.4226395,691.1346523,0,wall,,,,
622.4226395,705.7058944292294,0,wall,,,,
622.4226395,720.2771365276567,0,wall,,,,
622.4226395,734.8483786,0,wall,,,,
622.4226395,749.4196207245113,0,wall,,,,
622.4226395,763.9908628229387,0,wall,,,,
622.4226395,778.5621049,0,wall,,,,
622.4226395,793.1333470197933,0,wall,,,,
622.4226395,807.7045891182206,0,wall,,,,
622.4226395,822.2758312166479,0,wall,,,,
622.4226395,836.8470733150752,0,wall,,,,
622.4226395,851.4183154135026,0,wall,,,,
622.4226395,865.9895575119299,0,wall,,,,
622.4226395,880.5607996103572,0,wall,,,,
622.4226395,895.1320417087845,0,wall,,,,
622.4226395,909.7032838072118,0,wall,,,,
622.4226395,924.2745259056392,0,wall,,,,
622.4226395,938.8457680040665,0,wall,,,,
622.4226395,953.4170101024938,0,wall,,,,
622.4226395,967.9882522009211,0,wall,,,,
-622.4226395,-160,0,wall,,,,
-622.4226395,-145.4287579,0,wall,,,,
-622.4226395,-130.8575158,0,wall,,,,
-622.4226395,-116.2862737,0,wall,,,,
-622.4226395,-101.7150316,0,wall,,,,
-622.4226395,-87.14378951,0,wall,,,,
-622.4226395,-72.57254741,0,wall,,,,
-622.4226395,-58.00130531,0,wall,,,,
-622.4226395,-43.43006321,0,wall,,,,
-622.4226395,-28.85882111,0,wall,,,,
-622.4226395,-14.28757902,0,wall,,,,
-622.4226395,0.28366308270051377,0,wall,,,,
-622.4226395,14.854905181127833,0,wall,,,,
-622.4226395,29.426147279555153,0,wall,,,,
-622.4226395,43.99738937798247,0,wall,,,,
-622.4226395,58.56863147640979,0,wall,,,,
-622.4226395,73.13987357483711,0,wall,,,,
-622.4226395,87.71111567326443,0,wall,,,,
-622.4226395,102.28235777169175,0,wall,,,,
-622.4226395,116.85359987011907,0,wall,,,,
-622.4226395,131.4248419685464,0,wall,,,,
-622.4226395,145.9960840669737,0,wall,,,,
-622.4226395,160.56732616540103,0,wall,,,,
-622.4226395,175.13856826382835,0,wall,,,,
-622.4226395,189.70981036225567,0,wall,,,,
-622.4226395,204.2810525,0,wall,,,,
-622.4226395,218.8522945591103,0,wall,,,,
-622.4226395,233.42353665753762,0,wall,,,,
-622.4226395,247.99477875596494,0,wall,,,,
-622.4226395,262.56602085439226,0,wall,,,,
-622.4226395,277.1372629528196,0,wall,,,,
-622.4226395,291.7085050512469,0,wall,,,,
-622.4226395,306.2797471496742,0,wall,,,,
-622.4226395,320.85098924810154,0,wall,,,,
-622.4226395,335.42223134652886,0,wall,,,,
-622.4226395,349.9934734449562,0,wall,,,,
-622.4226395,364.5647155433835,0,wall,,,,
-622.4226395,379.1359576418108,0,wall,,,,
-622.4226395,393.70719974023814,0,wall,,,,
-622.4226395,408.27844183866546,0,wall,,,,
-622.4226395,422.8496839370928,0,wall,,,,
-622.4226395,437.4209260355201,0,wall,,,,
-622.4226395,451.9921681339474,0,wall,,,,
-622.4226395,466.56341023237474,0,wall,,,,
-622.4226395,481.13465233080206,0,wall,,,,
-622.4226395,495.7058944292294,0,wall,,,,
-622.4226395,510.2771365276567,0,wall,,,,
-622.4226395,524.8483786,0,wall,,,,
-622.4226395,539.4196207245113,0,wall,,,,
-622.4226395,553.9908628229387,0,wall,,,,
-622.4226395,568.5621049,0,wall,,,,
-622.4226395,583.1333470197933,0,wall,,,,
-622.4226395,597.7045891182206,0,wall,,,,
-622.4226395,612.2758312166479,0,wall,,,,
-622.4226395,626.8470733150752,0,wall,,,,
-622.4226395,641.4183154135026,0,wall,,,,
-622.4226395,655.9895575119299,0,wall,,,,
-622.4226395,670.5607996103572,0,wall,,,,
-622.4226395,685.1320417087845,0,wall,,,,
-622.4226395,699.7032838072118,0,wall,,,,
-622.4226395,714.2745259056392,0,wall,,,,
-622.4226395,728.8457680040665,0,wall,,,,
-622.4226395,743.4170101024938,0,wall,,,,
-622.4226395,757.9882522009211,0,wall,,,,
-622.4226395,772.5594942993484,0,wall,,,,
-622.4226395,787.1307363977758,0,wall,,,,
-622.4226395,801.7019784962031,0,wall,,,,
-622.4226395,816.2732205946304,0,wall,,,,
-622.4226395,830.8444626930577,0,wall,,,,
-622.4226395,845.4157048,0,wall,,,,
-622.4226395,859.9869468899124,0,wall,,,,
-622.4226395,874.5581889883397,0,wall,,,,
-622.4226395,889.1294311,0,wall,,,,
-622.4226395,903.7006731851943,0,wall,,,,
-622.4226395,918.2719152836216,0,wall,,,,
-622.4226395,932.8431574,0,wall,,,,
-622.4226395,947.4143994804763,0,wall,,,,
-614.7014,-57.752295,0,pial,,,,
-606.969307,-56.758068,0,pial,,,,
-599.237214,-55.702907,0,pial,,,,
-591.505121,-54.588602,0,pial,,,,
-583.773028,-53.416895,0,pial,,,,
-576.040935,-52.189487,0,pial,,,,
-568.308842,-50.908035,0,pial,,,,
-560.576749,-49.574156,0,pial,,,,
-552.844655,-48.189425,0,pial,,,,
-545.112562,-46.755376,0,pial,,,,
-537.380469,-45.273506,0,pial,,,,
-529.648376,-43.74527,0,pial,,,,
-521.916283,-42.17209,0,pial,,,,
-514.18419,-40.555348,0,pial,,,,
-506.452097,-38.89639,0,pial,,,,
-498.720004,-37.196529,0,pial,,,,
-490.987911,-35.457041,0,pial,,,,
-483.255818,-33.679171,0,pial,,,,
-475.523725,-31.864129,0,pial,,,,
-467.791632,-30.013095,0,pial,,,,
-460.059538,-28.127217,0,pial,,,,
-452.327445,-26.207613,0,pial,,,,
-444.595352,-24.255372,0,pial,,,,
-436.863259,-22.271555,0,pial,,,,
-429.131166,-20.257192,0,pial,,,,
-421.399073,-18.213292,0,pial,,,,
-413.66698,-16.140831,0,pial,,,,
-405.934887,-14.040766,0,pial,,,,
-398.202794,-11.914025,0,pial,,,,
-390.470701,-9.761516,0,pial,,,,
-382.738608,-7.584121,0,pial,,,,
-375.006515,-5.382702,0,pial,,,,
-367.274421,-3.158099,0,pial,,,,
-359.542328,-0.911133,0,pial,,,,
-351.810235,1.357395,0,pial,,,,
-344.078142,3.646704,0,pial,,,,
-336.346049,5.95603,0,pial,,,,
-328.613956,8.284624,0,pial,,,,
-320.881863,10.631756,0,pial,,,,
-313.14977,12.996711,0,pial,,,,
-305.417677,15.378786,0,pial,,,,
-297.685584,17.777294,0,pial,,,,
-289.953491,20.191561,0,pial,,,,
-282.221398,22.620923,0,pial,,,,
-274.489304,25.06473,0,pial,,,,
-266.757211,27.52234,0,pial,,,,
-259.025118,29.993121,0,pial,,,,
-251.293025,32.47645,0,pial,,,,
-243.560932,34.971713,0,pial,,,,
-235.828839,37.478302,0,pial,,,,
-228.096746,39.995614,0,pial,,,,
-220.364653,42.523054,0,pial,,,,
-212.63256,45.06003,0,pial,,,,
-204.900467,47.605955,0,pial,,,,
-197.168374,50.160242,0,pial,,,,
-189.436281,52.722309,0,pial,,,,
-181.704187,55.291575,0,pial,,,,
-173.972094,57.867459,0,pial,,,,
-166.240001,60.449379,0,pial,,,,
-158.507908,63.036753,0,pial,,,,
-150.775815,65.628995,0,pial,,,,
-143.043722,68.225519,0,pial,,,,
-135.311629,70.825732,0,pial,,,,
-127.579536,73.429041,0,pial,,,,
-119.847443,76.034843,0,pial,,,,
-112.11535,78.642531,0,pial,,,,
-104.383257,81.251492,0,pial,,,,
-96.651164,83.861104,0,pial,,,,
-88.91907,86.470735,0,pial,,,,
-81.186977,89.079746,0,pial,,,,
-73.454884,91.687488,0,pial,,,,
-65.722791,94.293298,0,pial,,,,
-57.990698,96.896503,0,pial,,,,
-50.258605,99.496417,0,pial,,,,
-42.526512,102.092341,0,pial,,,,
-34.794419,104.683561,0,pial,,,,
-27.062326,107.269347,0,pial,,,,
-19.330233,109.848955,0,pial,,,,
-11.59814,112.421621,0,pial,,,,
-3.866047,114.986567,0,pial,,,,
3.866047,117.542994,0,pial,,,,
11.59814,120.090084,0,pial,,,,
19.330233,122.627,0,pial,,,,
27.062326,125.152882,0,pial,,,,
34.794419,127.666849,0,pial,,,,
42.526512,130.167998,0,pial,,,,
50.258605,132.655403,0,pial,,,,
57.990698,135.128112,0,pial,,,,
65.722791,137.585148,0,pial,,,,
73.454884,140.02551,0,pial,,,,
81.186977,142.448168,0,pial,,,,
88.91907,144.852066,0,pial,,,,
96.651164,147.236118,0,pial,,,,
104.383257,149.599209,0,pial,,,,
112.11535,151.940197,0,pial,,,,
119.847443,154.257904,0,pial,,,,
127.579536,156.551123,0,pial,,,,
135.311629,158.818616,0,pial,,,,
143.043722,161.059108,0,pial,,,,
150.775815,163.271293,0,pial,,,,
158.507908,165.453827,0,pial,,,,
166.240001,167.605333,0,pial,,,,
173.972094,169.724396,0,pial,,,,
181.704187,171.809562,0,pial,,,,
189.436281,173.859342,0,pial,,,,
197.168374,175.872204,0,pial,,,,
204.900467,177.84658,0,pial,,,,
212.63256,179.780857,0,pial,,,,
220.364653,181.673384,0,pial,,,,
228.096746,183.522465,0,pial,,,,
235.828839,185.326362,0,pial,,,,
243.560932,187.083293,0,pial,,,,
251.293025,188.79143,0,pial,,,,
259.025118,190.448899,0,pial,,,,
266.757211,192.053781,0,pial,,,,
274.489304,193.604109,0,pial,,,,
282.221398,195.097867,0,pial,,,,
289.953491,196.532991,0,pial,,,,
297.685584,197.907365,0,pial,,,,
305.417677,199.218824,0,pial,,,,
313.14977,200.465153,0,pial,,,,
320.881863,201.64408,0,pial,,,,
328.613956,202.753285,0,pial,,,,
336.346049,203.790389,0,pial,,,,
344.078142,204.752963,0,pial,,,,
351.810235,205.638519,0,pial,,,,
359.542328,206.444512,0,pial,,,,
367.274421,207.168343,0,pial,,,,
375.006515,207.807352,0,pial,,,,
382.738608,208.358821,0,pial,,,,
390.470701,208.819972,0,pial,,,,
398.202794,209.187967,0,pial,,,,
405.934887,209.459904,0,pial,,,,
413.66698,209.632822,0,pial,,,,
421.399073,209.703696,0,pial,,,,
429.131166,209.669435,0,pial,,,,
436.863259,209.526886,0,pial,,,,
444.595352,209.272828,0,pial,,,,
452.327445,208.903976,0,pial,,,,
460.059538,208.416976,0,pial,,,,
467.791632,207.808405,0,pial,,,,
475.523725,207.074774,0,pial,,,,
483.255818,206.212522,0,pial,,,,
490.987911,205.218019,0,pial,,,,
498.720004,204.087561,0,pial,,,,
506.452097,202.817375,0,pial,,,,
514.18419,201.403613,0,pial,,,,
521.916283,199.842354,0,pial,,,,
529.648376,198.129601,0,pial,,,,
537.380469,196.261284,0,pial,,,,
545.112562,194.233253,0,pial,,,,
552.844655,192.041285,0,pial,,,,
560.576749,189.681075,0,pial,,,,
568.308842,187.148242,0,pial,,,,
576.040935,184.438324,0,pial,,,,
583.773028,181.54678,0,pial,,,,
591.505121,178.468986,0,pial,,,,
599.237214,175.200236,0,pial,,,,
606.969307,171.735743,0,pial,,,,
614.7014,168.070633,0,pial,,,,
-614.7014,-47.752295,0,pial,,,,
-606.969307,-46.758068,0,pial,,,,
-599.237214,-45.702907,0,pial,,,,
-591.505121,-44.588602,0,pial,,,,
-583.773028,-43.416895,0,pial,,,,
-576.040935,-42.189487,0,pial,,,,
-568.308842,-40.908035,0,pial,,,,
-560.576749,-39.574156,0,pial,,,,
-552.844655,-38.189425,0,pial,,,,
-545.112562,-36.755376,0,pial,,,,
-537.380469,-35.273506,0,pial,,,,
-529.648376,-33.74527,0,pial,,,,
-521.916283,-32.17209,0,pial,,,,
-514.18419,-30.555348,0,pial,,,,
-506.452097,-28.89639,0,pial,,,,
-498.720004,-27.196529,0,pial,,,,
-490.987911,-25.457041,0,pial,,,,
-483.255818,-23.679171,0,pial,,,,
-475.523725,-21.864129,0,pial,,,,
-467.791632,-20.013095,0,pial,,,,
-460.059538,-18.127217,0,pial,,,,
-452.327445,-16.207613,0,pial,,,,
-444.595352,-14.255372,0,pial,,,,
-436.863259,-12.271555,0,pial,,,,
-429.131166,-10.257192,0,pial,,,,
-421.399073,-8.213292,0,pial,,,,
-413.66698,-6.140831,0,pial,,,,
-405.934887,-4.040766,0,pial,,,,
-398.202794,-1.914025,0,pial,,,,
-390.470701,0.238484,0,pial,,,,
-382.738608,2.415879,0,pial,,,,
-375.006515,4.617298,0,pial,,,,
-367.274421,6.841901,0,pial,,,,
-359.542328,9.088867,0,pial,,,,
-351.810235,11.357395,0,pial,,,,
-344.078142,13.646704,0,pial,,,,
-336.346049,15.95603,0,pial,,,,
-328.613956,18.284624,0,pial,,,,
-320.881863,20.631756,0,pial,,,,
-313.14977,22.996711,0,pial,,,,
-305.417677,25.378786,0,pial,,,,
-297.685584,27.777294,0,pial,,,,
-289.953491,30.191561,0,pial,,,,
-282.221398,32.620923,0,pial,,,,
-274.489304,35.06473,0,pial,,,,
-266.757211,37.52234,0,pial,,,,
-259.025118,39.993121,0,pial,,,,
-251.293025,42.47645,0,pial,,,,
-243.560932,44.971713,0,pial,,,,
-235.828839,47.478302,0,pial,,,,
-228.096746,49.995614,0,pial,,,,
-220.364653,52.523054,0,pial,,,,
-212.63256,55.06003,0,pial,,,,
-204.900467,57.605955,0,pial,,,,
-197.168374,60.160242,0,pial,,,,
-189.436281,62.722309,0,pial,,,,
-181.704187,65.291575,0,pial,,,,
-173.972094,67.867459,0,pial,,,,
-166.240001,70.449379,0,pial,,,,
-158.507908,73.036753,0,pial,,,,
-150.775815,75.628995,0,pial,,,,
-143.043722,78.225519,0,pial,,,,
-135.311629,80.825732,0,pial,,,,
-127.579536,83.429041,0,pial,,,,
-119.847443,86.034843,0,pial,,,,
-112.11535,88.642531,0,pial,,,,
-104.383257,91.251492,0,pial,,,,
-96.651164,93.861104,0,pial,,,,
-88.91907,96.470735,0,pial,,,,
-81.186977,99.079746,0,pial,,,,
-73.454884,101.687488,0,pial,,,,
-65.722791,104.293298,0,pial,,,,
-57.990698,106.896503,0,pial,,,,
-50.258605,109.496417,0,pial,,,,
-42.526512,112.092341,0,pial,,,,
-34.794419,114.683561,0,pial,,,,
-27.062326,117.269347,0,pial,,,,
-19.330233,119.848955,0,pial,,,,
-11.59814,122.421621,0,pial,,,,
-3.866047,124.986567,0,pial,,,,
3.866047,127.542994,0,pial,,,,
11.59814,130.090084,0,pial,,,,
19.330233,132.627,0,pial,,,,
27.062326,135.152882,0,pial,,,,
34.794419,137.666849,0,pial,,,,
42.526512,140.167998,0,pial,,,,
50.258605,142.655403,0,pial,,,,
57.990698,145.128112,0,pial,,,,
65.722791,147.585148,0,pial,,,,
73.454884,150.02551,0,pial,,,,
81.186977,152.448168,0,pial,,,,
88.91907,154.852066,0,pial,,,,
96.651164,157.236118,0,pial,,,,
104.383257,159.599209,0,pial,,,,
112.11535,161.940197,0,pial,,,,
119.847443,164.257904,0,pial,,,,
127.579536,166.551123,0,pial,,,,
135.311629,168.818616,0,pial,,,,
143.043722,171.059108,0,pial,,,,
150.775815,173.271293,0,pial,,,,
158.507908,175.453827,0,pial,,,,
166.240001,177.605333,0,pial,,,,
173.972094,179.724396,0,pial,,,,
181.704187,181.809562,0,pial,,,,
189.436281,183.859342,0,pial,,,,
197.168374,185.872204,0,pial,,,,
204.900467,187.84658,0,pial,,,,
212.63256,189.780857,0,pial,,,,
220.364653,191.673384,0,pial,,,,
228.096746,193.522465,0,pial,,,,
235.828839,195.326362,0,pial,,,,
243.560932,197.083293,0,pial,,,,
251.293025,198.79143,0,pial,,,,
259.025118,200.448899,0,pial,,,,
266.757211,202.053781,0,pial,,,,
274.489304,203.604109,0,pial,,,,
282.221398,205.097867,0,pial,,,,
289.953491,206.532991,0,pial,,,,
297.685584,207.907365,0,pial,,,,
305.417677,209.218824,0,pial,,,,
313.14977,210.465153,0,pial,,,,
320.881863,211.64408,0,pial,,,,
328.613956,212.753285,0,pial,,,,
336.346049,213.790389,0,pial,,,,
344.078142,214.752963,0,pial,,,,
351.810235,215.638519,0,pial,,,,
359.542328,216.444512,0,pial,,,,
367.274421,217.168343,0,pial,,,,
375.006515,217.807352,0,pial,,,,
382.738608,218.358821,0,pial,,,,
390.470701,218.819972,0,pial,,,,
398.202794,219.187967,0,pial,,,,
405.934887,219.459904,0,pial,,,,
413.66698,219.632822,0,pial,,,,
421.399073,219.703696,0,pial,,,,
429.131166,219.669435,0,pial,,,,
436.863259,219.526886,0,pial,,,,
444.595352,219.272828,0,pial,,,,
452.327445,218.903976,0,pial,,,,
460.059538,218.416976,0,pial,,,,
467.791632,217.808405,0,pial,,,,
475.523725,217.074774,0,pial,,,,
483.255818,216.212522,0,pial,,,,
490.987911,215.218019,0,pial,,,,
498.720004,214.087561,0,pial,,,,
506.452097,212.817375,0,pial,,,,
514.18419,211.403613,0,pial,,,,
521.916283,209.842354,0,pial,,,,
529.648376,208.129601,0,pial,,,,
537.380469,206.261284,0,pial,,,,
545.112562,204.233253,0,pial,,,,
552.844655,202.041285,0,pial,,,,
560.576749,199.681075,0,pial,,,,
568.308842,197.148242,0,pial,,,,
576.040935,194.438324,0,pial,,,,
583.773028,191.54678,0,pial,,,,
591.505121,188.468986,0,pial,,,,
599.237214,185.200236,0,pial,,,,
606.969307,181.735743,0,pial,,,,
614.7014,178.070633,0,pial,,,,
-614.7014,-37.752295,0,pial,,,,
-606.969307,-36.758068,0,pial,,,,
-599.237214,-35.702907,0,pial,,,,
-591.505121,-34.588602,0,pial,,,,
-583.773028,-33.416895,0,pial,,,,
-576.040935,-32.189487,0,pial,,,,
-568.308842,-30.908035,0,pial,,,,
-560.576749,-29.574156,0,pial,,,,
-552.844655,-28.189425,0,pial,,,,
-545.112562,-26.755376,0,pial,,,,
-537.380469,-25.273506,0,pial,,,,
-529.648376,-23.74527,0,pial,,,,
-521.916283,-22.17209,0,pial,,,,
-514.18419,-20.555348,0,pial,,,,
-506.452097,-18.89639,0,pial,,,,
-498.720004,-17.196529,0,pial,,,,
-490.987911,-15.457041,0,pial,,,,
-483.255818,-13.679171,0,pial,,,,
-475.523725,-11.864129,0,pial,,,,
-467.791632,-10.013095,0,pial,,,,
-460.059538,-8.127217,0,pial,,,,
-452.327445,-6.207613,0,pial,,,,
-444.595352,-4.255372,0,pial,,,,
-436.863259,-2.271555,0,pial,,,,
-429.131166,-0.257192,0,pial,,,,
-421.399073,1.786708,0,pial,,,,
-413.66698,3.859169,0,pial,,,,
-405.934887,5.959234,0,pial,,,,
-398.202794,8.085975,0,pial,,,,
-390.470701,10.238484,0,pial,,,,
-382.738608,12.415879,0,pial,,,,
-375.006515,14.617298,0,pial,,,,
-367.274421,16.841901,0,pial,,,,
-359.542328,19.088867,0,pial,,,,
-351.810235,21.357395,0,pial,,,,
-344.078142,23.646704,0,pial,,,,
-336.346049,25.95603,0,pial,,,,
-328.613956,28.284624,0,pial,,,,
-320.881863,30.631756,0,pial,,,,
-313.14977,32.996711,0,pial,,,,
-305.417677,35.378786,0,pial,,,,
-297.685584,37.777294,0,pial,,,,
-289.953491,40.191561,0,pial,,,,
-282.221398,42.620923,0,pial,,,,
-274.489304,45.06473,0,pial,,,,
-266.757211,47.52234,0,pial,,,,
-259.025118,49.993121,0,pial,,,,
-251.293025,52.47645,0,pial,,,,
-243.560932,54.971713,0,pial,,,,
-235.828839,57.478302,0,pial,,,,
-228.096746,59.995614,0,pial,,,,
-220.364653,62.523054,0,pial,,,,
-212.63256,65.06003,0,pial,,,,
-204.900467,67.605955,0,pial,,,,
-197.168374,70.160242,0,pial,,,,
-189.436281,72.722309,0,pial,,,,
-181.704187,75.291575,0,pial,,,,
-173.972094,77.867459,0,pial,,,,
-166.240001,80.449379,0,pial,,,,
-158.507908,83.036753,0,pial,,,,
-150.775815,85.628995,0,pial,,,,
-143.043722,88.225519,0,pial,,,,
-135.311629,90.825732,0,pial,,,,
-127.579536,93.429041,0,pial,,,,
-119.847443,96.034843,0,pial,,,,
-112.11535,98.642531,0,pial,,,,
-104.383257,101.251492,0,pial,,,,
-96.651164,103.861104,0,pial,,,,
-88.91907,106.470735,0,pial,,,,
-81.186977,109.079746,0,pial,,,,
-73.454884,111.687488,0,pial,,,,
-65.722791,114.293298,0,pial,,,,
-57.990698,116.896503,0,pial,,,,
-50.258605,119.496417,0,pial,,,,
-42.526512,122.092341,0,pial,,,,
-34.794419,124.683561,0,pial,,,,
-27.062326,127.269347,0,pial,,,,
-19.330233,129.848955,0,pial,,,,
-11.59814,132.421621,0,pial,,,,
-3.866047,134.986567,0,pial,,,,
3.866047,137.542994,0,pial,,,,
11.59814,140.090084,0,pial,,,,
19.330233,142.627,0,pial,,,,
27.062326,145.152882,0,pial,,,,
34.794419,147.666849,0,pial,,,,
42.526512,150.167998,0,pial,,,,
50.258605,152.655403,0,pial,,,,
57.990698,155.128112,0,pial,,,,
65.722791,157.585148,0,pial,,,,
73.454884,160.02551,0,pial,,,,
81.186977,162.448168,0,pial,,,,
88.91907,164.852066,0,pial,,,,
96.651164,167.236118,0,pial,,,,
104.383257,169.599209,0,pial,,,,
112.11535,171.940197,0,pial,,,,
119.847443,174.257904,0,pial,,,,
127.579536,176.551123,0,pial,,,,
135.311629,178.818616,0,pial,,,,
143.043722,181.059108,0,pial,,,,
150.775815,183.271293,0,pial,,,,
158.507908,185.453827,0,pial,,,,
166.240001,187.605333,0,pial,,,,
173.972094,189.724396,0,pial,,,,
181.704187,191.809562,0,pial,,,,
189.436281,193.859342,0,pial,,,,
197.168374,195.872204,0,pial,,,,
204.900467,197.84658,0,pial,,,,
212.63256,199.780857,0,pial,,,,
220.364653,201.673384,0,pial,,,,
228.096746,203.522465,0,pial,,,,
235.828839,205.326362,0,pial,,,,
243.560932,207.083293,0,pial,,,,
251.293025,208.79143,0,pial,,,,
259.025118,210.448899,0,pial,,,,
266.757211,212.053781,0,pial,,,,
274.489304,213.604109,0,pial,,,,
282.221398,215.097867,0,pial,,,,
289.953491,216.532991,0,pial,,,,
297.685584,217.907365,0,pial,,,,
305.417677,219.218824,0,pial,,,,
313.14977,220.465153,0,pial,,,,
320.881863,221.64408,0,pial,,,,
328.613956,222.753285,0,pial,,,,
336.346049,223.790389,0,pial,,,,
344.078142,224.752963,0,pial,,,,
351.810235,225.638519,0,pial,,,,
359.542328,226.444512,0,pial,,,,
367.274421,227.168343,0,pial,,,,
375.006515,227.807352,0,pial,,,,
382.738608,228.358821,0,pial,,,,
390.470701,228.819972,0,pial,,,,
398.202794,229.187967,0,pial,,,,
405.934887,229.459904,0,pial,,,,
413.66698,229.632822,0,pial,,,,
421.399073,229.703696,0,pial,,,,
429.131166,229.669435,0,pial,,,,
436.863259,229.526886,0,pial,,,,
444.595352,229.272828,0,pial,,,,
452.327445,228.903976,0,pial,,,,
460.059538,228.416976,0,pial,,,,
467.791632,227.808405,0,pial,,,,
475.523725,227.074774,0,pial,,,,
483.255818,226.212522,0,pial,,,,
490.987911,225.218019,0,pial,,,,
498.720004,224.087561,0,pial,,,,
506.452097,222.817375,0,pial,,,,
514.18419,221.403613,0,pial,,,,
521.916283,219.842354,0,pial,,,,
529.648376,218.129601,0,pial,,,,
537.380469,216.261284,0,pial,,,,
545.112562,214.233253,0,pial,,,,
552.844655,212.041285,0,pial,,,,
560.576749,209.681075,0,pial,,,,
568.308842,207.148242,0,pial,,,,
576.040935,204.438324,0,pial,,,,
583.773028,201.54678,0,pial,,,,
591.505121,198.468986,0,pial,,,,
599.237214,195.200236,0,pial,,,,
606.969307,191.735743,0,pial,,,,
614.7014,188.070633,0,pial,,,,